,gnews_flair,gnews_tb_polarity,gnews_tb_subjectivity,gnews_sid_pos,gnews_sid_neg,gnews_sid_neu,gnews_sid_com
2020-02-11,-0.04234,0.039098519501746185,0.13001184108455552,0.0339,0.012933333333333331,0.9532,0.18851666666666667
2020-02-12,0.04086333333333337,0.03142862911347083,0.11662766856563153,0.02643333333333333,0.008366666666666666,0.9651666666666668,0.27398333333333336
2020-02-13,-0.018759999999999985,0.017456575148998996,0.11750808302681552,0.02386666666666666,0.012333333333333337,0.9637666666666664,0.13295
2020-02-14,0.024169999999999997,0.02819196746340592,0.12303522699834747,0.026966666666666663,0.011533333333333331,0.9615000000000002,0.1494533333333333
2020-02-15,-0.011903333333333271,0.02577999909066146,0.09532436191967787,0.021433333333333332,0.0062333333333333355,0.9723333333333334,0.17572000000000002
2020-02-16,0.032360000000000035,0.04383671886410941,0.10900119263696452,0.0295,0.005466666666666666,0.9650333333333332,0.22525
2020-02-17,0.0415633333333333,0.042277176787558116,0.12328201009348955,0.03153333333333334,0.011666666666666669,0.9568333333333334,0.13764666666666667
2020-02-18,0.17995666666666665,0.020896034284043512,0.10520353324429504,0.02583333333333333,0.0121,0.9620333333333332,0.18278666666666668
2020-02-19,0.08755333333333336,-7.006186447274636e-05,0.09065026038278813,0.018766666666666664,0.0058,0.9754333333333332,0.14362333333333333
2020-02-20,0.01885333333333331,0.024504071803372256,0.08862826262158699,0.021066666666666668,0.010666666666666666,0.9683,0.11372666666666667
2020-02-21,-0.09705666666666664,0.04004673943830656,0.1395081161544701,0.03746666666666667,0.01306666666666667,0.9494333333333332,0.16245333333333334
2020-02-22,-0.28048333333333336,0.02399751576593749,0.11009403809399776,0.02493333333333333,0.014066666666666668,0.961,0.13135333333333335
2020-02-23,-0.05643666666666663,0.020461461048835655,0.12358132381980523,0.020133333333333333,0.01016666666666667,0.9697333333333332,0.1327
2020-02-24,0.18231666666666674,0.02366746995505565,0.11244228253274563,0.024466666666666668,0.008033333333333333,0.9675666666666668,0.18374000000000001
2020-02-25,0.16119333333333333,0.037247052679169605,0.10646452845831897,0.02403333333333333,0.007933333333333334,0.968,0.2258633333333333
2020-02-26,-0.19863666666666666,0.018903236503532917,0.13217962336400935,0.02596666666666667,0.01953333333333333,0.9545666666666666,0.08653666666666668
2020-02-27,-0.03249666666666666,0.026510295817241916,0.12065131824199955,0.029433333333333325,0.015366666666666669,0.9552333333333332,0.15662000000000004
2020-02-28,0.02083666666666668,0.016790878031909526,0.10561347483279207,0.02253333333333333,0.022,0.9555,-0.03444
2020-02-29,-0.026223333333333303,0.01761762832580948,0.06452284905316677,0.01583333333333333,0.005599999999999999,0.9785666666666668,0.1511866666666667
2020-03-01,-0.17452999999999996,0.021801963586272337,0.08258560783948056,0.0189,0.009533333333333336,0.9715333333333332,0.07295333333333334
2020-03-02,0.09551333333333334,0.046769112024339296,0.118860803284418,0.0306,0.006366666666666667,0.963,0.2510766666666667
2020-03-03,0.2327833333333333,0.028472229082725294,0.11526523049390695,0.028333333333333332,0.010966666666666668,0.9607,0.2695566666666667
2020-03-04,-0.1944833333333333,0.03427727915289717,0.10734535066264388,0.026866666666666664,0.012833333333333334,0.9602666666666668,0.13402
2020-03-05,0.1889266666666667,0.039315367837253534,0.12195086290255215,0.031433333333333334,0.0098,0.9588666666666666,0.23135666666666665
2020-03-06,0.08355666666666668,0.033079532772363085,0.1294049996532249,0.031066666666666663,0.016100000000000003,0.9527333333333334,0.20837333333333333
2020-03-07,0.01183666666666668,0.019395081173830982,0.0979015355312532,0.0214,0.009066666666666669,0.9695666666666666,0.20979666666666666
2020-03-08,-0.19743666666666665,0.013772864923170692,0.1052740511574482,0.021866666666666663,0.017866666666666666,0.9602666666666668,0.1366166666666667
2020-03-09,-0.2384966666666666,0.044801707302101784,0.133142010054122,0.033966666666666666,0.012800000000000002,0.9532,0.16767666666666667
2020-03-10,0.028190000000000014,0.03603523277780059,0.11865377891078245,0.030533333333333326,0.013333333333333336,0.9562,0.20091
2020-03-11,-0.13013,0.009666019094294456,0.12494909564573466,0.02466666666666667,0.029933333333333333,0.9454,-0.031053333333333325
2020-03-12,-0.18065666666666666,0.009411096136373255,0.09684470825589957,0.02006666666666667,0.02063333333333333,0.9593000000000002,-0.02041666666666667
2020-03-13,-0.1473,0.007219794036603702,0.10794095509058313,0.018266666666666667,0.01806666666666666,0.9636666666666668,0.04226666666666668
2020-03-14,-0.03577333333333333,0.020801121984198808,0.11441441235443466,0.02463333333333333,0.018500000000000003,0.9568333333333332,0.13162000000000001
2020-03-15,-0.2905733333333333,0.02728011424501772,0.10673760015218743,0.02343333333333333,0.013033333333333334,0.9635333333333332,0.12310333333333336
2020-03-16,-0.023353333333333302,0.013796875711269651,0.0971861392886014,0.02103333333333333,0.009066666666666669,0.9699333333333334,0.16618000000000002
2020-03-17,0.1565666666666667,0.03204615570488985,0.12388886118513782,0.032299999999999995,0.008866666666666665,0.9588333333333332,0.2822866666666667
2020-03-18,-0.12652666666666668,0.04543440157531708,0.12246337481691733,0.0291,0.012933333333333331,0.9579,0.0919
2020-03-19,-0.11756666666666665,0.014538185443364413,0.09403079851369532,0.016733333333333333,0.012566666666666669,0.9706333333333332,0.09616
2020-03-20,-0.03944000000000001,0.03087010733947745,0.12498660776576337,0.02213333333333333,0.01216666666666667,0.9656666666666668,0.15947333333333333
2020-03-21,-0.25399333333333324,0.012812198388746756,0.054205171646138,0.011766666666666668,0.0085,0.9796666666666668,0.06407666666666666
2020-03-22,-0.40028666666666657,0.007912914917081583,0.06704314272102962,0.0099,0.0126,0.9775333333333334,-0.042113333333333336
2020-03-23,0.0048900000000000245,0.037363455989147434,0.11064836689493696,0.03163333333333333,0.010766666666666666,0.9576,0.11045666666666666
2020-03-24,0.23464333333333345,0.03695676063204842,0.1152393783413391,0.0298,0.00986666666666667,0.9603666666666666,0.2610466666666667
2020-03-25,-0.07105,0.032439885818054105,0.12958376704638588,0.028299999999999995,0.014366666666666668,0.9573666666666668,0.15936666666666666
2020-03-26,0.009646666666666671,0.02960078105549043,0.11910804623786014,0.0267,0.015533333333333338,0.9577333333333332,0.16101333333333334
2020-03-27,-0.22242000000000006,0.017554942415596426,0.12534669101906926,0.02423333333333333,0.014566666666666662,0.9612666666666668,0.16145666666666664
2020-03-28,-0.22610333333333324,0.024979338283752442,0.11447222753550106,0.024,0.011466666666666663,0.9645666666666666,0.10664333333333334
2020-03-29,-0.12563000000000002,0.018783515485948414,0.11542393326021605,0.0257,0.016833333333333332,0.9574333333333332,0.15413
2020-03-30,-0.19031666666666666,0.013751057815521502,0.10805772965926924,0.0181,0.013633333333333334,0.9682666666666668,0.13777
2020-03-31,-0.02229,0.04277864982505696,0.13456152688161555,0.0354,0.011566666666666666,0.9530666666666666,0.2282333333333333
2020-04-01,-0.02846333333333335,0.01872748064234471,0.11023237463070493,0.023966666666666667,0.011066666666666666,0.9649333333333332,0.1849
2020-04-02,-0.002126666666666677,0.042975804491570936,0.13974899038554908,0.031,0.014866666666666662,0.9540333333333334,0.17339000000000002
2020-04-03,-0.12808000000000005,0.018029131683442903,0.11018306777141264,0.02263333333333333,0.01603333333333333,0.9613999999999998,0.09910333333333332
2020-04-04,-0.060763333333333336,0.02468455516334105,0.10043175124933967,0.02743333333333333,0.011966666666666664,0.9606,0.21549000000000001
2020-04-05,0.10687333333333332,0.02972583906922008,0.12228268727397534,0.0306,0.009766666666666668,0.9595666666666668,0.21311999999999998
2020-04-06,-0.010153333333333313,0.015291278715368326,0.11023986218266377,0.02376666666666666,0.0161,0.9601666666666666,0.07517333333333333
2020-04-07,-0.29788999999999993,0.01563691104128384,0.12237642179349748,0.024866666666666662,0.01806666666666667,0.9570666666666668,0.12987666666666667
2020-04-08,-0.15979333333333334,0.028423890379920262,0.11961646725188547,0.025999999999999992,0.016166666666666666,0.9578333333333336,0.08693999999999998
2020-04-09,0.06183333333333334,0.02157423920650421,0.11458155817927948,0.0251,0.0123,0.9626666666666668,0.17096
2020-04-10,-0.062273333333333326,0.022630052537343896,0.10665180693917113,0.02433333333333333,0.01476666666666667,0.9609666666666666,0.12734666666666666
2020-04-11,-0.28514333333333325,0.023082730057415526,0.0958371200083186,0.02266666666666667,0.013266666666666668,0.9641,0.10737
2020-04-12,-0.16520666666666664,0.02317693937968216,0.07873825182542357,0.019666666666666662,0.007333333333333334,0.9729666666666666,0.18706333333333333
2020-04-13,-0.15252666666666664,0.01971320917721193,0.11666706322791133,0.02413333333333333,0.0213,0.9545666666666668,0.08076666666666665
2020-04-14,-0.04691666666666669,0.03084741946456857,0.1243116047380821,0.02596666666666667,0.01476666666666667,0.9592666666666666,0.09855
2020-04-15,0.02313666666666668,0.019014664615081767,0.1203766928452489,0.02896666666666666,0.017566666666666668,0.9535,0.06469666666666668
2020-04-16,-0.021966666666666704,0.02354947844498266,0.11415346337870345,0.0274,0.009133333333333334,0.9634333333333333,0.2764433333333333
2020-04-17,-0.02712999999999998,0.03841335890874356,0.12487918448912268,0.0347,0.0104,0.9548333333333332,0.2977866666666666
2020-04-18,-0.3736633333333333,0.028973665622847162,0.11800846201858105,0.021433333333333332,0.013133333333333334,0.9654,0.13990333333333332
2020-04-19,-0.08032666666666666,0.05083025981310983,0.14445891421965734,0.0356,0.0134,0.951,0.20068
2020-04-20,-0.11012999999999998,0.013206512628511377,0.12149147826832035,0.02153333333333333,0.018000000000000002,0.9605666666666668,0.07943333333333333
2020-04-21,-0.18930666666666665,0.01912906957061026,0.11338664339757094,0.02413333333333333,0.01593333333333333,0.9599666666666667,0.13623999999999994
2020-04-22,0.2346966666666667,0.023574089127837962,0.11058706965170184,0.0248,0.0098,0.9653333333333332,0.14757666666666666
2020-04-23,-0.039390000000000015,0.04888809507292777,0.13550007512075168,0.03796666666666667,0.00926666666666667,0.9528333333333332,0.2888433333333333
2020-04-24,-0.10442666666666664,0.025968078907470583,0.11201232733944193,0.02463333333333334,0.015199999999999997,0.9601666666666666,0.11935
2020-04-25,-0.15551666666666664,0.013246752923456043,0.11608835882198075,0.02223333333333333,0.013366666666666669,0.9645,0.14556000000000002
2020-04-26,0.10106333333333334,0.030452022723881905,0.1336066324122836,0.029466666666666662,0.014933333333333331,0.9555333333333336,0.16255333333333333
2020-04-27,-0.29140999999999995,0.02490350412066361,0.12016378996582752,0.020533333333333337,0.009866666666666666,0.9696333333333332,0.18305666666666665
2020-04-28,-0.15677666666666665,0.01869669417847141,0.10102577752130112,0.02173333333333333,0.007166666666666668,0.9711333333333332,0.22689666666666666
2020-04-29,-0.038919999999999975,0.028585813650305162,0.12751286343988452,0.0241,0.010033333333333335,0.9659,0.2465533333333333
2020-04-30,-0.23566666666666666,0.01894708966003606,0.1151460912585515,0.02096666666666666,0.007933333333333334,0.9711000000000002,0.2382066666666667
2020-05-01,0.042869999999999985,0.030256959447728507,0.10571780648480833,0.025366666666666662,0.013633333333333334,0.9609666666666667,0.13507
2020-05-02,-0.0547233333333333,0.028448917120857627,0.09266316063204033,0.024966666666666668,0.007766666666666667,0.9672666666666666,0.1598766666666667
2020-05-03,-0.19471,0.02273594865644764,0.10477649594332536,0.0226,0.015166666666666662,0.9622666666666666,0.12849333333333338
2020-05-04,-0.052069999999999984,0.03688400439277713,0.11852605047380504,0.027033333333333333,0.010566666666666669,0.9623666666666666,0.2539233333333334
2020-05-05,-0.05685333333333334,0.02244215567057349,0.11838587264864485,0.027166666666666662,0.011,0.9617666666666664,0.2708066666666667
2020-05-06,-0.15175999999999998,0.024437922632276437,0.11559204580515132,0.020133333333333333,0.0062333333333333355,0.9736666666666668,0.20803666666666665
2020-05-07,0.009513333333333344,0.017913066213209917,0.10208130439490293,0.020133333333333336,0.012133333333333331,0.9677,0.14117333333333332
2020-05-08,-0.2728033333333333,0.023272146686825645,0.1264894106073726,0.0256,0.013166666666666669,0.9612,0.16617
2020-05-09,0.04444999999999999,0.02948525429750882,0.1142378705069874,0.023633333333333336,0.015333333333333334,0.9610333333333332,0.1890433333333333
2020-05-10,-0.07390999999999999,0.026266484419456303,0.12000449935876605,0.0279,0.017933333333333336,0.9542000000000002,0.13116666666666665
2020-05-11,-0.05931666666666666,0.026156363156812683,0.11048584052829853,0.023399999999999997,0.0086,0.9680666666666669,0.2551966666666666
2020-05-12,-0.18571333333333329,0.01618463649480922,0.0765291780918076,0.0133,0.0072,0.9796,0.12493666666666667
2020-05-13,-0.0010300000000000122,0.017579917235606122,0.1205128939526887,0.027833333333333328,0.012866666666666663,0.9592666666666668,0.2209333333333333
2020-05-14,0.11638333333333335,0.030291097768649355,0.12278109102103453,0.027600000000000003,0.008699999999999998,0.9637,0.27519
2020-05-15,-0.018106666666666656,0.01723514341785208,0.11181284110777706,0.01816666666666666,0.01356666666666667,0.9682333333333332,0.10123333333333334
2020-05-16,-0.18313,0.027930504260326748,0.10133277192615044,0.021,0.0109,0.9681,0.11269000000000001
2020-05-17,-0.2514666666666667,0.031144133247877213,0.1227746487669395,0.02776666666666666,0.0126,0.9596333333333332,0.1358666666666667
2020-05-18,-0.03853,0.02273057392165356,0.127691662742125,0.02466666666666667,0.0102,0.9650333333333332,0.20772666666666667
2020-05-19,0.1883466666666667,0.05510833893718792,0.1048836380593606,0.0415,0.0091,0.9493333333333336,0.2800133333333334
2020-05-20,-0.0026166666666666712,0.02222923839654106,0.1269797093871881,0.02313333333333333,0.012633333333333337,0.9642,0.11479333333333333
2020-05-21,-0.13878,0.04155333913106885,0.1273636387026291,0.02793333333333333,0.0156,0.9565,0.09916333333333333
2020-05-22,0.14440666666666668,0.02582293264830613,0.09450608277023552,0.02176666666666667,0.009433333333333335,0.9687666666666666,0.13077333333333332
2020-05-23,0.04088666666666669,0.02011263349564946,0.12376714583375305,0.0269,0.014333333333333337,0.9588333333333332,0.15759
2020-05-24,-0.1668333333333333,0.02531109606466373,0.10059236227677527,0.025066666666666668,0.012733333333333334,0.9622666666666668,0.16417333333333334
2020-05-25,-0.08874333333333331,0.021720661810619987,0.1178039257409824,0.0267,0.011500000000000002,0.9618333333333332,0.12549666666666667
2020-05-26,0.01673666666666672,0.016535448233524326,0.09063537383647716,0.017866666666666666,0.008100000000000001,0.9741,0.13226333333333334
2020-05-27,-0.18043333333333328,0.019912751234310928,0.09952602692548147,0.022466666666666663,0.010366666666666666,0.9671666666666668,0.13946333333333336
2020-05-28,-0.2683433333333333,0.024436234562581708,0.09346187156579623,0.02146666666666667,0.01186666666666667,0.9667,0.20368666666666665
2020-05-29,-0.21313666666666664,0.018366451311738738,0.09527891943679537,0.017933333333333336,0.010666666666666665,0.9714333333333334,0.05944
2020-05-30,-0.13361333333333333,0.01683105615771363,0.08924745379565388,0.017900000000000003,0.007833333333333335,0.9743333333333332,0.13975
2020-05-31,0.10677999999999996,0.028831499463646718,0.12343850681771006,0.028566666666666667,0.014033333333333335,0.9574,0.2805133333333333
2020-06-01,-0.11330999999999998,0.04294596175297242,0.11482072952061127,0.030266666666666664,0.005333333333333333,0.9644333333333334,0.25349666666666665
2020-06-02,0.03538333333333333,0.03566380057099535,0.11977412430350973,0.030300000000000007,0.010566666666666669,0.9590666666666666,0.17320666666666665
2020-06-03,0.13219666666666668,0.03702212747117042,0.11843064796507835,0.03443333333333333,0.011466666666666668,0.9540333333333334,0.13042666666666666
2020-06-04,-0.11359666666666665,0.02186646300511305,0.09686001472661904,0.02423333333333333,0.012833333333333334,0.9628666666666666,0.1375066666666667
2020-06-05,0.1773533333333333,0.013815794691206588,0.11587029014026108,0.02546666666666667,0.016099999999999996,0.9583333333333334,0.1647033333333333
2020-06-06,-0.28524999999999995,0.0166274193276506,0.08902617413399545,0.0184,0.011533333333333336,0.9700333333333332,0.06968666666666666
2020-06-07,-0.2655333333333333,0.02532285950379051,0.1109658991135755,0.020866666666666662,0.013433333333333332,0.9657,0.13529666666666665
2020-06-08,-0.01213333333333332,0.0305021084643419,0.12948011912194293,0.02866666666666667,0.01306666666666667,0.9582666666666668,0.1545
2020-06-09,0.08493999999999999,0.036154820844507635,0.11422579195256832,0.0287,0.0076999999999999985,0.9636333333333332,0.23371666666666666
2020-06-10,-0.016499999999999966,0.03938021696397928,0.10894105239818787,0.0289,0.006966666666666665,0.9641,0.18923333333333328
2020-06-11,-0.33327,0.016752324186542874,0.10420925792957254,0.0212,0.017366666666666666,0.9615,0.06511333333333333
2020-06-12,-0.21204000000000006,0.03625848576516007,0.1369380509676403,0.03196666666666667,0.014366666666666668,0.9536666666666666,0.18923333333333328
2020-06-13,-0.09512666666666664,0.01911298864218381,0.09259725375032588,0.0152,0.0122,0.9726333333333332,-0.02804333333333333
2020-06-14,-0.12939333333333328,0.0030475055054628468,0.055624112427845,0.01046666666666667,0.003366666666666667,0.9861666666666667,0.09856666666666666
2020-06-15,-0.05393666666666667,0.026354650035400308,0.12682411538345234,0.029666666666666664,0.009666666666666669,0.9607,0.2555033333333333
2020-06-16,-0.013700000000000007,0.02962658685810742,0.1076013004578661,0.025,0.008199999999999999,0.9668,0.17067000000000002
2020-06-17,0.11600000000000002,0.020810693081964548,0.10362005423261526,0.021133333333333337,0.0109,0.9679666666666668,0.12387999999999999
2020-06-18,-0.01677,0.026521386597727882,0.12190438891283213,0.029333333333333333,0.0132,0.9574,0.28811
2020-06-19,0.07658666666666666,0.021543284521683644,0.11801424917674914,0.03213333333333333,0.011,0.9569333333333334,0.2735566666666667
2020-06-20,0.014086666666666662,0.035628757023912064,0.11913278539807627,0.02926666666666667,0.011566666666666666,0.9592,0.18656666666666666
2020-06-21,0.15218999999999994,0.021797994421974668,0.11140360892648728,0.0304,0.008233333333333334,0.9613333333333334,0.2629933333333333
2020-06-22,-0.10699000000000007,0.038116535085285085,0.12467017126392127,0.025399999999999995,0.012033333333333332,0.9626333333333332,0.17980000000000002
2020-06-23,-0.021123333333333338,0.02414926061870666,0.09994874218558934,0.02283333333333333,0.0069,0.9702666666666666,0.19797333333333336
2020-06-24,-0.06939666666666662,0.020575663071156013,0.12121640860900855,0.02146666666666667,0.01356666666666667,0.9649666666666668,0.11062999999999999
2020-06-25,0.10888333333333336,0.028111973694075962,0.12155235953823615,0.03326666666666666,0.0095,0.9572666666666668,0.28262
2020-06-26,0.02727666666666666,0.02540324377979869,0.12225352545605382,0.0331,0.010733333333333334,0.9562,0.29448
2020-06-27,-0.12671666666666667,0.0283615981777994,0.12210390895774155,0.03163333333333333,0.02043333333333333,0.9479,0.17740999999999998
2020-06-28,-0.29263333333333336,0.02841202740259088,0.0939587157395795,0.02006666666666667,0.011,0.9689333333333334,0.13365666666666667
2020-06-29,-0.13215666666666667,0.04463903501578255,0.13407771353198772,0.0366,0.009233333333333336,0.9542333333333334,0.2263433333333333
2020-06-30,0.02224333333333332,0.02625197283039124,0.10914959315541804,0.024433333333333328,0.009166666666666668,0.9663333333333332,0.15657333333333334
2020-07-01,-0.07141333333333333,0.026712185399224504,0.1018569044617233,0.02266666666666666,0.006133333333333334,0.9711666666666668,0.22766333333333336
2020-07-02,-0.29422,0.020236499236840604,0.10695993547761676,0.021366666666666662,0.0196,0.9590666666666666,0.03187666666666668
2020-07-03,0.3026033333333332,0.023257322352439533,0.09606681412017964,0.02223333333333333,0.011433333333333332,0.9663333333333332,0.12366000000000002
2020-07-04,0.01604000000000003,0.02953974141837757,0.12445891452008673,0.0274,0.0132,0.9594333333333332,0.17700333333333335
2020-07-05,0.32559000000000005,0.025630658911137805,0.12009903848174855,0.0289,0.009166666666666668,0.9619,0.26005666666666666
2020-07-06,0.05701000000000009,0.02378176921684266,0.06198848417173952,0.009000000000000001,0.0045333333333333345,0.9864333333333334,0.042883333333333336
2020-07-07,0.11093333333333333,0.039262629557279966,0.12054112909783485,0.031466666666666664,0.007133333333333333,0.9614,0.2500666666666667
2020-07-08,-0.04067666666666663,0.04271934726822784,0.131335672697191,0.030633333333333332,0.010933333333333331,0.9584333333333332,0.19873333333333332
2020-07-09,0.02864666666666662,0.012504319394277985,0.07719086421463925,0.013433333333333332,0.008033333333333333,0.9786,0.033736666666666665
2020-07-10,0.041843333333333364,0.026135418639984653,0.10710405519372307,0.023,0.012366666666666666,0.9646,0.07541666666666667
2020-07-11,-0.1963033333333333,0.0257567471686971,0.12454679147312113,0.021566666666666668,0.013666666666666669,0.9647666666666666,0.07307666666666666
2020-07-12,-0.2271166666666667,0.030142446355446925,0.12714902492607275,0.0293,0.016766666666666666,0.9539666666666669,0.16241333333333335
2020-07-13,-0.19960666666666665,0.010070137271965556,0.11958348240675165,0.03253333333333333,0.013933333333333334,0.9535,0.16895000000000002
2020-07-14,0.1944,0.02924903344229889,0.11049793541221127,0.02266666666666667,0.009033333333333334,0.9682999999999998,0.22387
2020-07-15,0.16152666666666665,0.028536208877071513,0.1001126033418808,0.0173,0.011433333333333335,0.9712,0.033069999999999995
2020-07-16,-0.15244666666666665,0.023808692409626086,0.12786770951065726,0.02783333333333333,0.018033333333333332,0.9541333333333332,0.06934333333333334
2020-07-17,-0.12448333333333332,0.012804202543229032,0.0879319905957865,0.0177,0.014599999999999997,0.9677333333333332,-0.003603333333333333
2020-07-18,-0.36887,0.019519786540815952,0.08282964512748826,0.02003333333333333,0.0084,0.9715333333333334,0.19461333333333333
2020-07-19,-0.08983999999999998,0.034852908651978896,0.12755432833441696,0.027166666666666662,0.01193333333333333,0.9609333333333334,0.18224
2020-07-20,0.08384000000000004,0.0245202086925836,0.11198135441741512,0.029966666666666662,0.009466666666666668,0.9605666666666668,0.18955
2020-07-21,0.21478333333333333,0.034888497997686584,0.11126473854131773,0.022566666666666662,0.0089,0.9685333333333332,0.10496666666666664
2020-07-22,-0.12326666666666665,0.004628212316772575,0.10931618465484598,0.02233333333333333,0.013633333333333334,0.9640333333333334,0.16946666666666668
2020-07-23,-0.03997000000000002,0.018407902376780725,0.07713619468459151,0.01756666666666666,0.0044666666666666665,0.9779333333333332,0.16466666666666668
2020-07-24,-0.25753999999999994,0.02017558950805117,0.11273606245993292,0.0229,0.020133333333333333,0.9569666666666669,0.02114000000000001
2020-07-25,0.07743333333333334,0.026516475480480656,0.12510216513984146,0.034599999999999985,0.016466666666666668,0.9489000000000002,0.11001666666666668
2020-07-26,0.12462000000000002,0.02876272210399238,0.09975676033119373,0.0243,0.0072000000000000015,0.9684666666666666,0.2282933333333333
2020-07-27,-0.08135666666666667,0.01612614340072633,0.09610824669594198,0.0187,0.0061,0.9751666666666668,0.16236333333333333
2020-07-28,-0.2457233333333333,0.01924991603366036,0.11079404497917564,0.02083333333333333,0.01356666666666667,0.9656333333333332,0.13133333333333336
2020-07-29,-0.1430566666666667,0.013571737291508885,0.10642167007499148,0.0216,0.0125,0.9659,0.17589666666666665
2020-07-30,0.05194666666666671,0.042135746298936634,0.10476386112268114,0.03133333333333333,0.003733333333333333,0.9649333333333332,0.18322333333333327
2020-07-31,0.053500000000000034,0.015435495212853544,0.0994044286506254,0.0192,0.013666666666666669,0.9671,0.09777000000000001
2020-08-01,0.016240000000000015,0.03365765060783192,0.1105036482962484,0.02093333333333333,0.0146,0.9645333333333336,0.06637333333333333
2020-08-02,-0.06378666666666664,0.01421689817917944,0.0906551339467003,0.021333333333333333,0.011866666666666666,0.9668333333333334,0.15151333333333333
2020-08-03,-0.07760999999999997,0.010305598521760809,0.09366672967623356,0.013800000000000002,0.012733333333333334,0.9735,-0.02086
2020-08-04,-0.06554999999999997,0.02462295226259853,0.0954028216777998,0.0232,0.013733333333333335,0.9631,0.17315333333333335
2020-08-05,-0.06508666666666671,0.02755377587494304,0.09159333430639084,0.0187,0.01076666666666667,0.9706,0.11818
2020-08-06,-0.13004999999999994,0.013200868524024516,0.06639204063769802,0.016466666666666668,0.0051666666666666675,0.9783333333333334,0.14273
2020-08-07,0.1346766666666666,0.021097998529895527,0.10275998675738947,0.022566666666666662,0.0091,0.9684,0.17784666666666665
2020-08-08,-0.05016,0.03898266848522623,0.13112789088947055,0.02666666666666666,0.009833333333333336,0.9634,0.21398333333333336
2020-08-09,-0.03712666666666666,0.02582283358541277,0.13458029541781316,0.03223333333333333,0.01633333333333333,0.9513666666666668,0.2316533333333333
2020-08-10,-0.31958000000000003,0.03021699597347357,0.09996099658718707,0.01816666666666666,0.0166,0.9653333333333336,0.041079999999999985
2020-08-11,-0.13498000000000002,0.024886176799042318,0.1031563409105533,0.022366666666666663,0.009333333333333334,0.9683333333333336,0.13330333333333333
2020-08-12,-0.12270666666666663,0.021238195965993432,0.09289715300579246,0.021066666666666668,0.011133333333333335,0.9677666666666668,0.14212666666666668
2020-08-13,-0.27746,0.0006766691808738951,0.09955315875664307,0.017866666666666666,0.0112,0.9709,0.11594666666666667
2020-08-14,-0.13355999999999998,0.0212678262277171,0.08692641884906642,0.0166,0.010666666666666666,0.9727,0.09972333333333333
2020-08-15,0.05834333333333337,0.030120309100709633,0.1112272314528486,0.029233333333333337,0.009033333333333334,0.9618333333333332,0.2638166666666667
2020-08-16,0.06735999999999999,0.025212610300993456,0.11859893023957555,0.0265,0.010066666666666666,0.9634333333333333,0.2796433333333333
2020-08-17,-0.07611000000000002,0.03705583313856521,0.14087731354030833,0.032466666666666665,0.016233333333333332,0.9513,0.1532933333333333
2020-08-18,-0.05217333333333332,0.034032664860515933,0.12870893565319488,0.0284,0.009000000000000001,0.9626,0.2309766666666667
2020-08-19,-0.10769666666666668,0.025345066153889685,0.08043193498585656,0.020133333333333333,0.013633333333333334,0.9662,0.0128
2020-08-20,-0.20392000000000002,0.022733875514291017,0.10087099979722527,0.020500000000000004,0.013666666666666669,0.9659333333333334,0.12172333333333335
2020-08-21,0.2699133333333333,0.01829943360854994,0.10337161163617667,0.0228,0.0096,0.9676,0.20833333333333331
2020-08-22,-0.04061999999999998,0.05128524093681812,0.1280441785101286,0.0312,0.007233333333333333,0.9615666666666668,0.16637333333333335
2020-08-23,-0.34415,0.015422552559581462,0.0885244079526391,0.0193,0.012966666666666666,0.9677333333333332,0.017159999999999998
2020-08-24,0.04282333333333332,0.021725494760037857,0.10589297082569843,0.02216666666666666,0.008233333333333334,0.9695666666666668,0.2288533333333333
2020-08-25,0.07448333333333339,-0.0006539036273278616,0.07253427147996132,0.011933333333333334,0.011766666666666668,0.9763666666666668,0.05045
2020-08-26,-0.046173333333333316,0.015962556250676378,0.10717091279135292,0.024333333333333332,0.012133333333333331,0.9635666666666668,0.18773
2020-08-27,0.052253333333333325,0.004717829666347606,0.1049926380555902,0.016166666666666666,0.013266666666666666,0.9705666666666668,0.03617999999999999
2020-08-28,-0.11671666666666665,0.01622523246505303,0.09647755334885773,0.015500000000000003,0.006766666666666667,0.9777666666666666,0.13547333333333336
2020-08-29,-0.2274333333333333,0.012670166427486343,0.08422283859242921,0.0227,0.006766666666666667,0.9705666666666668,0.1975333333333333
2020-08-30,-0.2980166666666666,0.020782810842881562,0.08707814730281556,0.02283333333333333,0.0148,0.9623333333333332,0.13958333333333334
2020-08-31,0.10259666666666667,0.021857700052067237,0.0932748777431394,0.02316666666666667,0.008466666666666667,0.9684333333333334,0.22149666666666665
2020-09-01,-0.09905000000000004,0.03763604374015722,0.1011089824729541,0.0229,0.008133333333333333,0.9689666666666666,0.15119666666666667
2020-09-02,0.11478666666666665,0.035370204352518884,0.11626470155584576,0.02786666666666666,0.006333333333333333,0.9658,0.21505
2020-09-03,0.17311333333333334,0.03096756556165952,0.10813815637793424,0.02263333333333333,0.008766666666666667,0.9686,0.14536666666666667
2020-09-04,0.09101000000000004,0.037422877624412085,0.11043777302574508,0.0327,0.009733333333333332,0.9575333333333332,0.19927
2020-09-05,-0.10615666666666668,0.033824642366224435,0.12369048897475028,0.029333333333333336,0.0096,0.9611333333333332,0.2578633333333333
2020-09-06,-0.34407,0.016498185270891436,0.0871371478004772,0.01933333333333333,0.0114,0.9693,0.13269999999999998
2020-09-07,0.10484,0.024103684524773804,0.11282913922471413,0.018766666666666664,0.012000000000000002,0.9692333333333334,0.09959666666666664
2020-09-08,0.07375666666666666,0.0276186276265106,0.13136280149567262,0.0258,0.013033333333333334,0.9612000000000002,0.2287433333333333
2020-09-09,0.04010999999999997,0.023299566652085442,0.11791084828118654,0.02406666666666667,0.0096,0.9664,0.19646666666666668
2020-09-10,0.20969666666666675,0.0347977471980914,0.12961453451970795,0.023733333333333332,0.010066666666666666,0.9661666666666666,0.17277000000000006
2020-09-11,-0.21030666666666667,0.029022609415840832,0.1265995877142976,0.03256666666666667,0.01046666666666667,0.9569666666666666,0.23776666666666665
2020-09-12,-0.19919666666666666,0.012588355388290316,0.11800616066237972,0.02413333333333333,0.009766666666666668,0.966,0.2596266666666667
2020-09-13,-0.03259333333333332,0.018380916892258868,0.11670045409980336,0.0261,0.01576666666666667,0.9581333333333332,0.18758333333333327
2020-09-14,0.03447,0.029422067840824927,0.10571951219503224,0.0301,0.0076999999999999985,0.9622333333333334,0.19981
2020-09-15,0.06927,0.015926715073017916,0.09556900963715688,0.020266666666666662,0.009066666666666669,0.9707,0.10066333333333334
2020-09-16,-0.17683333333333331,0.023498938048879942,0.07882162862302006,0.018000000000000002,0.006266666666666668,0.9758,0.13174
2020-09-17,-0.11207333333333334,0.019676791901047826,0.11422647708529055,0.02733333333333333,0.013666666666666669,0.9590000000000001,0.15026666666666666
2020-09-18,0.3582733333333333,0.03079568807028332,0.10625928581304514,0.02313333333333334,0.006566666666666667,0.9703666666666668,0.22578
2020-09-19,-0.05093000000000001,0.0346409304966189,0.12819894485910166,0.0297,0.01423333333333333,0.956,0.19497333333333333
2020-09-20,-0.010529999999999994,0.01572975534724614,0.10150841994653258,0.0198,0.0101,0.9700666666666664,0.13031333333333334
2020-09-21,0.07962000000000008,0.03179300453606035,0.09654909319127157,0.0251,0.0045333333333333345,0.9703666666666668,0.22195333333333334
2020-09-22,0.010580000000000013,0.02952700822506017,0.11471791271499066,0.02983333333333333,0.006366666666666668,0.9637333333333334,0.20791333333333334
2020-09-23,0.04161333333333332,0.032970718088676465,0.12277751213124735,0.0248,0.005933333333333333,0.9692666666666664,0.22705
2020-09-24,0.11462999999999995,0.009491672663631668,0.08082841889915142,0.017433333333333332,0.006633333333333334,0.9759333333333334,0.12924666666666668
2020-09-25,0.12146999999999995,0.01843959647803917,0.09102660598328853,0.0213,0.008166666666666666,0.9705333333333336,0.16718
2020-09-26,-0.10841000000000002,0.019288946983658028,0.1190524065018568,0.031266666666666665,0.0154,0.9533,0.15581333333333333
2020-09-27,0.027523333333333358,0.031045751990374362,0.12851519366899355,0.02903333333333333,0.014866666666666669,0.9561333333333332,0.06434666666666668
2020-09-28,0.006043333333333312,0.007971472194513166,0.10857802482559938,0.0239,0.008266666666666667,0.9678333333333332,0.20575666666666667
2020-09-29,-0.03062666666666668,0.025732622799130123,0.08726303105672481,0.02383333333333333,0.010566666666666669,0.9656,0.14175666666666667
2020-09-30,0.06083333333333332,0.02238421848169041,0.09540901993784963,0.024866666666666662,0.0102,0.965,0.18306
2020-10-01,-0.07522999999999999,0.041350866422393176,0.12932296480197875,0.030166666666666668,0.013833333333333331,0.9559333333333334,0.12058666666666665
2020-10-02,-0.2146166666666667,0.023315022473849104,0.10410912390446396,0.0232,0.016233333333333332,0.9605666666666668,0.07327666666666666
2020-10-03,0.2443833333333333,0.03103180980250249,0.1167737853702666,0.02903333333333333,0.0104,0.9605333333333336,0.2525933333333333
2020-10-04,-0.08154999999999997,0.019599669434371955,0.08794636672279503,0.0186,0.009700000000000002,0.9717333333333332,0.17224
2020-10-05,0.12518000000000004,0.016506315600938466,0.09860788780652556,0.025066666666666668,0.0129,0.9620333333333332,0.12435
2020-10-06,-0.17796666666666666,0.02250430613365602,0.1193420716928844,0.026033333333333332,0.013033333333333334,0.9609333333333334,0.04066333333333335
2020-10-07,0.04495333333333333,0.02627992338714966,0.1289635126176236,0.025933333333333333,0.00956666666666667,0.9645,0.25785
2020-10-08,0.2838566666666667,0.03710462303048876,0.11506142776583354,0.029066666666666668,0.0119,0.959,0.060726666666666665
2020-10-09,-0.04141000000000001,0.01826927623593097,0.09590994420722523,0.021066666666666668,0.01076666666666667,0.9682,0.16337666666666667
2020-10-10,-0.13053000000000006,0.03699268859329752,0.1263171869850465,0.02896666666666666,0.0102,0.9607333333333332,0.2292833333333333
2020-10-11,-0.14873999999999998,0.015082650095732569,0.08455350877522916,0.017033333333333334,0.0104,0.9726333333333332,0.12894333333333333
2020-10-12,-0.05760666666666665,0.019361410446463573,0.1157019105039632,0.01963333333333333,0.014166666666666666,0.9662000000000002,0.06284333333333332
2020-10-13,0.3575766666666666,0.022078872225609357,0.09960783206444973,0.02346666666666667,0.007166666666666668,0.9693666666666664,0.20687333333333333
2020-10-14,-0.14689000000000002,0.033433877756134066,0.13124714288727574,0.029933333333333333,0.010933333333333337,0.9591333333333332,0.22998000000000002
2020-10-15,-0.02029333333333334,0.02703722953880228,0.12048050070464693,0.0274,0.008833333333333334,0.9637666666666668,0.10938666666666667
2020-10-16,-0.19722333333333333,0.030566900899903545,0.10138699001860378,0.0261,0.0127,0.9611666666666668,0.05115
2020-10-17,-0.33255,0.038272938231373684,0.13886346782800082,0.0367,0.011766666666666668,0.9515333333333332,0.21275333333333327
2020-10-18,-0.29386333333333325,0.02251389665135116,0.08777563427540166,0.01886666666666667,0.007399999999999999,0.9737666666666668,0.13495
2020-10-19,-0.06323333333333331,0.01715455477516555,0.09166201824892488,0.017,0.011,0.9720333333333334,0.051810000000000016
2020-10-20,-0.03272999999999993,0.020382599412930514,0.09582443897038236,0.021166666666666663,0.0122,0.9666,0.15781333333333333
2020-10-21,0.11769000000000003,0.02130175282281641,0.09257041295445777,0.023,0.01076666666666667,0.9662333333333332,0.11749000000000001
2020-10-22,0.17100666666666664,0.030257016381340263,0.09489695731966573,0.02123333333333333,0.0073666666666666655,0.9714666666666666,0.22274000000000002
2020-10-23,-0.02418,0.022147847024337648,0.10790847865716664,0.025266666666666663,0.0051,0.9696333333333332,0.2268833333333333
2020-10-24,-0.16348999999999994,0.015549301982295313,0.09821740212935216,0.024000000000000004,0.006633333333333335,0.9693333333333334,0.1635366666666667
2020-10-25,-0.3902466666666666,0.0151570256642679,0.044883697912508035,0.01476666666666667,0.006666666666666667,0.9785333333333334,0.03365666666666667
2020-10-26,-0.11074666666666667,0.012791648757011364,0.09664835008434186,0.0198,0.0075000000000000015,0.9727666666666668,0.16325333333333336
2020-10-27,0.047593333333333335,0.03853667192457769,0.11735970738854255,0.033499999999999995,0.0061,0.9604333333333333,0.2635933333333333
2020-10-28,0.1315366666666667,0.02696079001483839,0.08308777274882898,0.020266666666666662,0.0038333333333333336,0.9759333333333334,0.1977566666666667
2020-10-29,0.08803000000000004,0.03824967405624422,0.11954507961171584,0.0327,0.006566666666666667,0.9607,0.25176666666666664
2020-10-30,0.1063566666666667,0.023089971985060388,0.11926063767842572,0.029000000000000005,0.012433333333333331,0.9584666666666666,0.12156999999999997
2020-10-31,-0.31149999999999994,0.020409227450821056,0.12412588098014735,0.030266666666666667,0.018266666666666664,0.9513999999999998,0.14834666666666668
2020-11-01,0.10529000000000002,0.030051838848172894,0.11315190233338175,0.0299,0.007433333333333333,0.9627,0.2646966666666667
2020-11-02,-0.1392733333333333,0.008510282280284939,0.08676204512984674,0.016833333333333332,0.009133333333333334,0.9739666666666668,0.11926666666666667
2020-11-03,0.004563333333333346,0.024936415923947585,0.116765386817374,0.0301,0.011500000000000002,0.9583666666666668,0.22174
2020-11-04,-0.07842666666666667,0.01579376205937274,0.10703613953363124,0.020133333333333333,0.008799999999999999,0.9710666666666667,0.18814666666666666
2020-11-05,-0.2690233333333333,-0.002663848090008679,0.11739019307769635,0.0218,0.013766666666666668,0.9644333333333336,0.16405999999999998
2020-11-06,-0.42094,0.0317234455695028,0.13825636314066395,0.03093333333333333,0.016433333333333338,0.9526,0.1275966666666667
2020-11-07,-0.3260799999999999,0.004061080099978007,0.08624545938490127,0.015566666666666666,0.007966666666666667,0.9764333333333332,0.04024333333333333
2020-11-08,-0.11901333333333335,0.03201021586339332,0.11729828408930912,0.03056666666666667,0.009133333333333332,0.9603,0.2546866666666667
2020-11-09,-0.12327666666666667,0.012375170201859185,0.05926396190747477,0.014533333333333334,0.005266666666666667,0.9801666666666669,0.13001666666666667
2020-11-10,0.13221666666666668,0.035103759663004226,0.12259355932586065,0.0306,0.010966666666666668,0.9584666666666668,0.23340999999999998
2020-11-11,-0.09740333333333333,0.009139792083614116,0.109105112183059,0.022866666666666667,0.012733333333333331,0.9644666666666668,0.23384000000000002
2020-11-12,0.04855666666666667,0.02463878711635186,0.1176417545299959,0.02353333333333333,0.014933333333333337,0.9615666666666666,0.1547666666666667
2020-11-13,0.0966966666666667,0.022013921579836882,0.0814104382361213,0.018566666666666662,0.005766666666666666,0.9756666666666668,0.13234333333333334
2020-11-14,-0.058273333333333364,0.020598598789677843,0.09429931281605518,0.0173,0.010533333333333334,0.9721,0.12996333333333335
2020-11-15,-0.26865,0.03139614177791649,0.11628493692977605,0.03043333333333333,0.012933333333333331,0.9566333333333332,0.24113
2020-11-16,-0.28845000000000004,0.02034820785193426,0.10430405550281224,0.0198,0.009433333333333335,0.9707333333333332,0.2087033333333333
2020-11-17,-0.11375666666666664,0.028231980010012474,0.10987080520807864,0.0264,0.010600000000000002,0.9630666666666668,0.25299
2020-11-18,-0.4604800000000001,0.03905053179806875,0.1413102310479158,0.0365,0.015233333333333331,0.9482,0.13612333333333335
2020-11-19,-0.0030199999999999784,0.02310041774075865,0.10774880000618638,0.028233333333333333,0.007899999999999999,0.9639,0.2220433333333333
2020-11-20,-0.3419966666666667,0.03858875257062119,0.10680020071351763,0.028733333333333333,0.0067333333333333325,0.9645666666666666,0.2371133333333333
2020-11-21,-0.3610233333333333,0.044669611594042334,0.09830201200602054,0.02453333333333333,0.0032666666666666677,0.9722,0.21978000000000003
2020-11-22,0.04726000000000002,0.027425281715135315,0.11943215837835948,0.024633333333333337,0.010466666666666671,0.9649333333333334,0.1987
2020-11-23,0.011996666666666659,0.02031101937430656,0.10456153829315004,0.023766666666666658,0.0068000000000000005,0.9695,0.2529066666666667
2020-11-24,-0.013456666666666702,0.029148864677404924,0.1053629679052868,0.027633333333333333,0.006500000000000001,0.9658333333333334,0.2573766666666667
2020-11-25,-0.31907,0.030887014199219857,0.1118105023109644,0.021833333333333337,0.0086,0.9695666666666668,0.15510333333333334
2020-11-26,-0.23720666666666665,0.032395920741134704,0.1296907563383716,0.025433333333333332,0.017133333333333334,0.9574333333333332,0.13499
2020-11-27,-0.11991,0.008530860657917473,0.08893460967971488,0.01833333333333333,0.01636666666666666,0.9653,0.03905
2020-11-28,0.04736333333333333,0.03172657624349248,0.12909623695363714,0.0299,0.0068666666666666685,0.9632333333333334,0.2895033333333333
2020-11-29,-0.49556000000000006,0.031353148369120586,0.07460047503936391,0.01846666666666667,0.005466666666666666,0.9759666666666666,0.10469
2020-11-30,-0.4108933333333333,0.04505671640448266,0.1179274609964574,0.03183333333333334,0.009199999999999998,0.9589,0.19362333333333334
2020-12-01,-0.18067666666666668,0.032466909060158936,0.1252482826337197,0.0245,0.0095,0.966,0.2358466666666667
2020-12-02,0.08947000000000001,0.019591392742931042,0.10719722045028117,0.023266666666666668,0.011333333333333334,0.9654,0.19649666666666665
2020-12-03,0.02339333333333334,0.031609068393826226,0.10671305461998314,0.030033333333333325,0.006233333333333333,0.9638,0.2632566666666667
2020-12-04,-0.025556666666666658,0.02083986539680157,0.12847109048075592,0.026566666666666662,0.011,0.9624333333333334,0.18022666666666665
2020-12-05,-0.14194333333333334,0.029970068836178324,0.1212858092974248,0.02376666666666667,0.012266666666666669,0.9639333333333332,0.12262333333333335
2020-12-06,0.04008333333333334,0.03201787772914042,0.12780464896358076,0.02503333333333333,0.012666666666666665,0.9623333333333334,0.1847
2020-12-07,0.02012333333333333,0.01665433447481793,0.0963763742725059,0.0237,0.009633333333333334,0.9667,0.19533333333333333
2020-12-08,0.10175333333333336,0.020971824406948215,0.09833068166250837,0.0221,0.010033333333333332,0.9678666666666668,0.12975333333333333
2020-12-09,0.18661000000000005,0.018167490451400984,0.10668735871044673,0.0232,0.008266666666666667,0.9684666666666668,0.14165
2020-12-10,0.3851399999999999,0.055012093437313364,0.1344285838577939,0.038766666666666665,0.004,0.9572,0.2801666666666666
2020-12-11,0.08332000000000009,0.02246501817112928,0.09031041673347227,0.02633333333333333,0.004233333333333335,0.9694333333333334,0.2099133333333333
2020-12-12,-0.14816666666666664,0.008303051661191118,0.0959496941116252,0.018033333333333332,0.0082,0.9738,0.15235666666666667
2020-12-13,-0.17593666666666666,0.013783668997647009,0.05787040264019086,0.012433333333333331,0.0108,0.9767333333333332,0.027226666666666663
2020-12-14,0.3695000000000001,0.031032824186978787,0.10165855487158763,0.025166666666666667,0.0027666666666666673,0.9720333333333334,0.23023
2020-12-15,0.05148000000000004,0.03491899029176889,0.0851034522366991,0.025366666666666662,0.0034666666666666674,0.9712333333333334,0.18973
2020-12-16,-0.25597666666666663,0.05396727454849429,0.14950260527126444,0.04393333333333333,0.009033333333333334,0.9470000000000001,0.2439333333333333
2020-12-17,0.0745933333333333,0.035394004572878106,0.12374815754301725,0.02843333333333333,0.0050666666666666655,0.9665333333333332,0.247
2020-12-18,0.009069999999999993,0.027856748500403112,0.10124595339508392,0.02623333333333333,0.007299999999999998,0.9664333333333334,0.21686666666666665
2020-12-19,-0.13125666666666666,0.04543046138892873,0.1415857394507431,0.03456666666666666,0.010899999999999998,0.9545,0.19282333333333335
2020-12-20,0.09976000000000003,0.04770612556561603,0.12172446143420147,0.03076666666666666,0.008366666666666666,0.9608666666666666,0.2541866666666667
2020-12-21,-0.17216333333333333,0.029698757810554907,0.1282364854543808,0.027166666666666662,0.0108,0.9620333333333334,0.28771
2020-12-22,-0.1818533333333333,0.020435127384805688,0.12841590366013655,0.02463333333333333,0.015100000000000002,0.9602333333333334,0.11857333333333335
2020-12-23,-0.17292333333333332,0.032744483775544474,0.10573195660990324,0.031066666666666663,0.010266666666666669,0.9586333333333332,0.15746
2020-12-24,-0.24028666666666665,0.016286016455810126,0.11235738046899964,0.023533333333333337,0.013933333333333334,0.9625,0.10726
2020-12-25,0.02613333333333333,0.027574753579382025,0.1177971322919004,0.02976666666666667,0.0141,0.9561333333333336,0.13229000000000002
2020-12-26,-0.23017,0.0357901851821589,0.1024675915883288,0.021600000000000005,0.013200000000000002,0.9651333333333334,0.042453333333333336
2020-12-27,-0.010830000000000006,0.02804729638749172,0.10735209758954052,0.02003333333333333,0.010066666666666668,0.9700000000000002,0.14088333333333333
2020-12-28,-0.3341866666666666,0.012325943351029557,0.052779453407384436,0.011466666666666668,0.0051,0.9834,0.07891666666666668
2020-12-29,0.05786,0.028272965818325526,0.10740204789627453,0.03156666666666666,0.009866666666666666,0.9585333333333332,0.18116666666666664
2020-12-30,0.1009533333333333,0.04276270218963482,0.1294786607025127,0.0324,0.0119,0.9558,0.17118
2020-12-31,0.05621666666666665,0.02318675299987273,0.0992066680782851,0.02356666666666667,0.0078,0.9685666666666668,0.16957999999999998
2021-01-01,-0.14121999999999998,0.025022169998153144,0.09276425438720408,0.0248,0.008633333333333333,0.9666,0.12164333333333333
2021-01-02,-0.19916666666666666,0.017259632411922826,0.07063394586945666,0.01893333333333333,0.0030333333333333328,0.9780333333333334,0.12634333333333336
2021-01-03,-0.07578666666666664,0.044420929227430433,0.11749841668797854,0.03166666666666666,0.007266666666666667,0.9611333333333334,0.25375666666666663
2021-01-04,-0.15754,0.039882243322383236,0.11018327326397008,0.03023333333333333,0.006233333333333333,0.9635666666666666,0.2319
2021-01-05,0.17470000000000005,0.051653779161509226,0.13774751421057407,0.03133333333333333,0.009433333333333332,0.9592666666666664,0.17604
2021-01-06,-0.16650333333333328,0.03144289679080845,0.11929573885576122,0.02583333333333333,0.010466666666666671,0.9637333333333332,0.2534966666666667
2021-01-07,0.19888,0.04285221411522403,0.1268905112496784,0.0297,0.0033333333333333327,0.9669666666666666,0.2525233333333333
2021-01-08,0.13185333333333335,0.015449309063678385,0.10965225561376156,0.023299999999999998,0.0117,0.9649666666666666,0.19554666666666665
2021-01-09,-0.3307033333333333,0.02294016833981977,0.10228204302029288,0.0219,0.011866666666666666,0.9662333333333334,0.10955666666666668
2021-01-10,-0.275,0.015420671416467796,0.08434681364767282,0.01833333333333333,0.0062,0.9754666666666666,0.12866333333333332
2021-01-11,-0.3643799999999999,0.019322619500991414,0.0944656296664945,0.01896666666666667,0.013033333333333334,0.9679666666666668,0.08822333333333332
2021-01-12,-0.007343333333333339,0.06859861817452062,0.1540067659129078,0.042666666666666665,0.011533333333333331,0.9458,0.2103333333333333
2021-01-13,-0.07907,0.029908725095797683,0.10425057193317427,0.02536666666666667,0.0104,0.9641666666666668,0.05121666666666666
2021-01-14,-0.2024233333333333,0.052049758282307484,0.15062534690223164,0.031433333333333334,0.013466666666666668,0.9550666666666668,0.15020999999999998
2021-01-15,-0.07627999999999997,0.05920264731692215,0.13665131905190142,0.038500000000000006,0.011833333333333336,0.9497,0.15489999999999998
2021-01-16,-0.3023233333333333,0.032631776216799836,0.11642035876927513,0.02476666666666667,0.0136,0.9616333333333336,0.053569999999999986
2021-01-17,0.011160000000000022,0.04167140197626918,0.11127113165346372,0.03033333333333333,0.007433333333333333,0.9622333333333334,0.16253333333333336
2021-01-18,-0.22947,0.014037034429135712,0.09905165493545633,0.022266666666666664,0.007966666666666667,0.9697666666666666,0.20748000000000005
2021-01-19,0.06094999999999999,0.04996543094635796,0.1353334627727534,0.03573333333333333,0.008666666666666666,0.9555666666666666,0.20959666666666668
2021-01-20,-0.012413333333333328,0.05629140418968005,0.10556393778635156,0.0301,0.0025333333333333328,0.9673333333333332,0.14057666666666666
2021-01-21,-0.22146999999999997,0.03908326733538525,0.13490025925929758,0.0309,0.013733333333333335,0.9554666666666666,0.1494266666666667
2021-01-22,-0.09768666666666664,0.027621011215805315,0.10620626014336476,0.02386666666666666,0.0172,0.9589666666666667,0.1697233333333333
2021-01-23,-0.11574999999999998,0.043591555852982335,0.12662026037340562,0.03283333333333333,0.011366666666666669,0.9558,0.1816333333333333
2021-01-24,0.007230000000000038,0.032982753421828236,0.12000854463131493,0.0266,0.013633333333333334,0.9597666666666668,0.16573000000000002
2021-01-25,-0.010216666666666648,0.05607410228654065,0.14275827024695806,0.031933333333333334,0.0074666666666666675,0.9606,0.2541733333333333
2021-01-26,0.054516666666666685,0.04803240189133153,0.13862704505990975,0.03616666666666666,0.0105,0.9533333333333333,0.15798333333333334
2021-01-27,-0.05401666666666666,0.015337698720675638,0.10494638813916801,0.0194,0.010866666666666663,0.9697666666666666,0.12572666666666665
2021-01-28,-0.04998,0.03553991919308474,0.08871418789374517,0.0269,0.0106,0.9625333333333332,0.059816666666666664
2021-01-29,-0.12689333333333333,0.025905914330558725,0.10935522027210466,0.02313333333333333,0.0054333333333333326,0.9713999999999998,0.20170333333333326
2021-01-30,0.035393333333333346,0.027349653488668992,0.11539145825684495,0.02556666666666666,0.018933333333333337,0.9554333333333334,0.06983999999999997
2021-01-31,0.02880333333333333,0.025703885291707185,0.11173558156815193,0.0317,0.012033333333333335,0.9563333333333331,0.20575666666666667
2021-02-01,-0.1363833333333333,0.030088981795123163,0.11649185872317105,0.03716666666666666,0.010766666666666666,0.9520333333333332,0.11635999999999999
2021-02-02,-0.16544999999999996,0.01485714025414959,0.1060224549376047,0.024033333333333337,0.008833333333333334,0.9671,0.19332
2021-02-03,0.2302666666666667,0.05125224636518448,0.14163665916159626,0.037100000000000015,0.011133333333333334,0.9517333333333334,0.22211666666666666
2021-02-04,0.07154666666666668,0.04847592965590783,0.13180288547827276,0.03403333333333334,0.007266666666666667,0.9587333333333332,0.21751666666666666
2021-02-05,-0.10415333333333336,0.02426014076093321,0.10632256463628513,0.02563333333333333,0.008366666666666666,0.9660666666666666,0.20515
2021-02-06,-0.11155333333333332,0.023308201018556157,0.10411310390451532,0.0232,0.013366666666666669,0.9634666666666668,0.12785999999999995
2021-02-07,-0.15402333333333332,0.039498820339928166,0.10747583166398067,0.02773333333333334,0.009666666666666669,0.9626666666666668,0.12363
2021-02-08,-0.07242666666666668,0.07290778000225764,0.15269635680465948,0.045733333333333334,0.005933333333333333,0.9482666666666666,0.2746233333333333
2021-02-09,0.16562333333333332,0.051362154587190616,0.12267711989073045,0.036366666666666665,0.007233333333333335,0.9564,0.11243
2021-02-10,-0.13688999999999993,0.038329564895851966,0.10769298305630434,0.031166666666666662,0.0088,0.9600666666666666,0.19090666666666667
2021-02-11,0.03084666666666665,0.050066422259000105,0.14364402437536802,0.03713333333333333,0.008766666666666667,0.9541,0.2672366666666666
2021-02-12,-0.24574999999999994,0.02665763785771346,0.1159579563182188,0.023600000000000003,0.0113,0.9651666666666668,0.15548
2021-02-13,0.04553333333333332,0.029009363454934982,0.12731810235824584,0.027033333333333333,0.008066666666666668,0.9649,0.26691
2021-02-14,0.10381666666666672,0.0332449897971429,0.09144121057065904,0.026133333333333342,0.0032999999999999995,0.9706333333333332,0.18802666666666665
2021-02-15,0.18293666666666664,0.02912534542529466,0.12849006047524186,0.029966666666666662,0.006666666666666667,0.9633666666666666,0.25000333333333336
2021-02-16,0.013140000000000023,0.045718823912241656,0.12396462641594942,0.0331,0.0079,0.9590000000000001,0.2855733333333333
2021-02-17,-0.04849,0.03658663293180344,0.1238499572522102,0.0336,0.010633333333333337,0.9558,0.15181666666666666
2021-02-18,0.05762666666666664,0.05953586537717891,0.1481104881998071,0.03386666666666667,0.008433333333333333,0.9578,0.2271766666666667
2021-02-19,0.14592333333333335,0.03637964528207816,0.10963760966480336,0.02756666666666667,0.009233333333333336,0.9632666666666666,0.12925
2021-02-20,-0.09560666666666666,0.032950374108369734,0.11348039007246535,0.024966666666666668,0.012566666666666663,0.9624333333333334,0.23183
2021-02-21,0.02609999999999997,0.039595155362378884,0.1141681392376522,0.0293,0.0064,0.9643333333333336,0.20963666666666664
2021-02-22,-0.17807333333333336,0.039894663601479884,0.1368037481884325,0.0336,0.0116,0.9548333333333332,0.2505233333333333
2021-02-23,-0.23288666666666666,0.033626094729274005,0.12400089002409337,0.032966666666666665,0.011500000000000002,0.9555,0.21032333333333336
2021-02-24,-0.12746000000000002,0.0245950837978702,0.10631246504498744,0.02793333333333333,0.008566666666666667,0.9635,0.2334966666666666
2021-02-25,0.20603333333333346,0.05723218470972032,0.13426152724517468,0.03866666666666666,0.0038333333333333336,0.9574666666666668,0.26939
2021-02-26,-0.22167666666666666,0.02019100218363792,0.1054506153671659,0.023166666666666662,0.0121,0.9647,0.16248666666666667
2021-02-27,-0.25651333333333337,0.04941435659882689,0.1450356704828343,0.03266666666666666,0.0085,0.9589333333333332,0.2372
2021-02-28,-0.09069666666666668,0.011762086928448826,0.11283473782206806,0.027466666666666664,0.013266666666666668,0.9593,0.12763666666666668
2021-03-01,0.0295633333333334,0.048401262778151134,0.1245338768556749,0.028933333333333325,0.008966666666666668,0.9620666666666666,0.13567
2021-03-02,-0.05144000000000006,0.03308390079549044,0.11856245239743135,0.0336,0.0104,0.956,0.24072
2021-03-03,-0.16115333333333332,0.0318605001544402,0.13035213481565427,0.03436666666666667,0.010033333333333332,0.9555666666666668,0.19528
2021-03-04,0.07408666666666666,0.04716100367422644,0.13796180105619907,0.03766666666666666,0.010233333333333334,0.9520333333333332,0.2831
2021-03-05,-0.061316666666666665,0.051343253844463,0.1356794767976999,0.0386,0.0102,0.9512000000000002,0.20511333333333331
2021-03-06,-0.1898566666666667,0.02579115667341081,0.12142444409347833,0.02623333333333333,0.02076666666666667,0.953,0.10110333333333334
2021-03-07,0.17765999999999998,0.048296033858333164,0.13106622968536447,0.03096666666666667,0.006000000000000001,0.9630333333333334,0.2392466666666667
2021-03-08,0.14079,0.05679151037589479,0.14008529351436189,0.0429,0.005699999999999999,0.9514,0.28341
2021-03-09,-0.33093,0.019605962817292426,0.10529935033683717,0.0258,0.008766666666666667,0.9654333333333336,0.1992266666666667
2021-03-10,-0.15508,0.040630600771357515,0.1167663372449191,0.035366666666666664,0.004233333333333335,0.9604,0.2889266666666667
2021-03-11,-0.19885999999999995,0.030486015121495107,0.11340671818652028,0.02863333333333333,0.0096,0.9618,0.2333333333333333
2021-03-12,-0.13369666666666666,0.05724006432003721,0.15135644084090685,0.03883333333333334,0.009766666666666668,0.9514,0.21115
2021-03-13,0.06833333333333333,0.04215415154099998,0.1204112055835118,0.03323333333333333,0.0051666666666666675,0.9616333333333332,0.2474466666666667
2021-03-14,0.1487966666666667,0.03995842062411977,0.12179157359509743,0.03506666666666667,0.009966666666666669,0.9549666666666666,0.18165
2021-03-15,-0.08218333333333333,0.0491756944242964,0.12557230507470304,0.03643333333333333,0.009766666666666668,0.9538666666666668,0.18318333333333334
2021-03-16,0.06435333333333333,0.03945693351847842,0.13482790445923773,0.0332,0.014133333333333338,0.9526666666666668,0.15499333333333334
2021-03-17,-0.17234333333333338,0.034162112033393165,0.11783245045562278,0.044166666666666674,0.0097,0.9460999999999998,0.21591999999999997
2021-03-18,-0.10254,0.054780991790033415,0.10578076743696634,0.029566666666666668,0.0035333333333333328,0.9669,0.14770333333333333
2021-03-19,-0.08038999999999999,0.0153830736235786,0.11788147245908145,0.0273,0.008866666666666667,0.9637666666666668,0.23532666666666666
2021-03-20,0.10142999999999998,0.04870630071178583,0.1293726007352028,0.029733333333333337,0.005933333333333335,0.9643333333333334,0.27485
2021-03-21,-0.03397333333333335,0.028634603297226214,0.12855198555855102,0.030966666666666663,0.008066666666666666,0.9609666666666667,0.2940866666666667
2021-03-22,-0.16253999999999996,0.014082672609559876,0.11556467871088212,0.02623333333333333,0.012833333333333335,0.9609333333333334,0.20635333333333333
2021-03-23,0.033770000000000036,0.03102590476069012,0.1135165018856938,0.025866666666666663,0.008566666666666667,0.9655,0.2593633333333333
2021-03-24,0.13385666666666682,0.07661914700320498,0.1257680242942924,0.036866666666666666,0.0021,0.9610333333333332,0.22373
2021-03-25,-0.08528999999999994,0.04194221436814082,0.14727725181732562,0.03426666666666667,0.012566666666666669,0.9531666666666668,0.2646266666666667
2021-03-26,-0.02990000000000002,0.027003482809880026,0.11278260417406134,0.0273,0.012733333333333331,0.9599666666666666,0.19308666666666668
2021-03-27,-0.12743,0.030523561445449737,0.1254027972608988,0.028733333333333333,0.010933333333333331,0.9602333333333332,0.2283566666666667
2021-03-28,0.061269999999999984,0.03701126283229958,0.1111434925310142,0.03326666666666666,0.009233333333333336,0.9575333333333332,0.1972533333333333
2021-03-29,0.004503333333333304,0.05874730263409755,0.14392522029504967,0.036833333333333336,0.009000000000000001,0.9541666666666668,0.2702266666666667
2021-03-30,-0.049956666666666656,0.023598432234261724,0.11621814745414605,0.025266666666666663,0.009200000000000002,0.9655333333333334,0.18525333333333333
2021-03-31,-0.27511,0.01740067353922846,0.08584725108966289,0.0207,0.007766666666666667,0.9715,0.13164
2021-04-01,-0.03377999999999997,0.05498796125908267,0.1349619149520662,0.040433333333333335,0.0045333333333333345,0.9550333333333332,0.2816733333333333
2021-04-02,-0.048919999999999984,0.027685813875495683,0.10394839739944543,0.0285,0.0067333333333333325,0.9647,0.24563000000000001
2021-04-03,-0.0063100000000000074,0.0233786989914936,0.08435744380870439,0.0238,0.0037333333333333337,0.9724000000000002,0.22083666666666665
2021-04-04,-0.09346666666666664,0.041231261796601366,0.13786651961492422,0.02503333333333333,0.006333333333333333,0.9686,0.21853333333333333
2021-04-05,-0.17469,0.06195869088374838,0.12928596841298715,0.0342,0.005933333333333335,0.9598666666666668,0.12279666666666665
2021-04-06,-0.03620333333333335,0.02128223525530248,0.10706233842904228,0.025833333333333337,0.005366666666666667,0.9688,0.21424333333333334
2021-04-07,0.25379333333333337,0.029387478266653274,0.11355911497729194,0.02636666666666667,0.005233333333333335,0.9684333333333334,0.25837
